{"products":[{"id":"51","name":"cyberorange","title":"CYBERORANGE","description":"Энерготоник","fullDescription":"","price":"5400","oldPrice":"","quantity":1,"currency":"RUB","sku":"","outOfStock":false,"isFeatured":false,"categories":["7"],"variations":[],"variationValues":{},"images":[{"url":"https://assets.nicepagecdn.com/56c13363/6536933/images/i98.webp"}],"created":1752095940886,"updated":1752159954014,"isDefault":false},{"id":"50","name":"br","title":"BR","description":"ЗДОРОВЫЙ МОЗГ, КРЕПКИЕ НЕРВЫ","fullDescription":"","price":"5400","oldPrice":"","quantity":1,"currency":"RUB","sku":"","outOfStock":false,"isFeatured":false,"categories":["7"],"variations":[],"variationValues":{},"images":[{"url":"https://assets.nicepagecdn.com/56c13363/6536933/images/BR.jpg"}],"created":1752095918345,"updated":1752159948003,"isDefault":false},{"id":"49","name":"dr","title":"DR","description":"НЕСОКРУШИМЫЙ ИММУНИТЕТ","fullDescription":"","price":"5400","oldPrice":"","quantity":1,"currency":"RUB","sku":"","outOfStock":false,"isFeatured":false,"categories":["7"],"variations":[],"variationValues":{},"images":[{"url":"https://assets.nicepagecdn.com/56c13363/6536933/images/DR.jpg"}],"created":1752095901909,"updated":1752159942654,"isDefault":false},{"id":"48","name":"dg","title":"DG","description":"DG ЗАЩИТА ПЕЧЕНИ","fullDescription":"","price":"5400","oldPrice":"","quantity":1,"currency":"RUB","sku":"","outOfStock":false,"isFeatured":false,"categories":["7"],"variations":[],"variationValues":{},"images":[{"url":"https://assets.nicepagecdn.com/56c13363/6536933/images/DG.jpg"}],"created":1752095880679,"updated":1752159938188,"isDefault":false},{"id":"47","name":"диклинс","title":"Диклинс","description":"Направленного очищения","fullDescription":"","price":"2275","oldPrice":"","quantity":1,"currency":"RUB","sku":"","outOfStock":false,"isFeatured":false,"categories":["7"],"variations":[],"variationValues":{},"images":[{"url":"https://assets.nicepagecdn.com/56c13363/6536933/images/deecleance.jpg"}],"created":1752095856498,"updated":1752159925586,"isDefault":false},{"id":"46","name":"диресет","title":"Диресет","description":"Мой иммунитет — моя крепость!","fullDescription":"","price":"3945","oldPrice":"","quantity":1,"currency":"RUB","sku":"","outOfStock":false,"isFeatured":false,"categories":["7"],"variations":[],"variationValues":{},"images":[{"url":"https://assets.nicepagecdn.com/56c13363/6536933/images/direset.jpg"}],"created":1752095841689,"updated":1752159931690,"isDefault":false},{"id":"45","name":"gs","title":"GS","description":"СИЯНИЕ ВНУТРЕННЕЙ КРАСОТЫ","fullDescription":"","price":"8900","oldPrice":"","quantity":1,"currency":"RUB","sku":"","outOfStock":false,"isFeatured":false,"categories":["6"],"variations":[],"variationValues":{},"images":[{"url":"https://assets.nicepagecdn.com/56c13363/6536933/images/GS.png"}],"created":1752095726506,"updated":1752159933594,"isDefault":false},{"id":"44","name":"kрем-вокруг-глаз-my","title":"Kрем вокруг глаз MY","description":"Крем","fullDescription":"","price":"3740","oldPrice":"","quantity":1,"currency":"RUB","sku":"","outOfStock":false,"isFeatured":false,"categories":["6"],"variations":[],"variationValues":{},"images":[{"url":"https://assets.nicepagecdn.com/56c13363/6536933/images/MY.jpg"}],"created":1752095699369,"updated":1752159666836,"isDefault":false},{"id":"43","name":"крем-для-рук---mh","title":"Крем для рук - MH","description":"Крем","fullDescription":"","price":"2310","oldPrice":"","quantity":1,"currency":"RUB","sku":"","outOfStock":false,"isFeatured":false,"categories":["6"],"variations":[],"variationValues":{},"images":[{"url":"https://assets.nicepagecdn.com/56c13363/6536933/images/MH.jpg"}],"created":1752095679864,"updated":1752159668700,"isDefault":false},{"id":"42","name":"сыворотка---ms","title":"Сыворотка - MS","description":"Сыворотка","fullDescription":"","price":"4450","oldPrice":"","quantity":1,"currency":"RUB","sku":"","outOfStock":false,"isFeatured":false,"categories":["6"],"variations":[],"variationValues":{},"images":[{"url":"https://assets.nicepagecdn.com/56c13363/6536933/images/MS.jpg"}],"created":1752095658770,"updated":1752159678686,"isDefault":false},{"id":"41","name":"дневной-крем---md","title":"Дневной крем - MD","description":"Крем","fullDescription":"","price":"3920","oldPrice":"","quantity":1,"currency":"RUB","sku":"","outOfStock":false,"isFeatured":false,"categories":["6"],"variations":[],"variationValues":{},"images":[{"url":"https://assets.nicepagecdn.com/56c13363/6536933/images/MD.jpg"}],"created":1752095633960,"updated":1752159670596,"isDefault":false},{"id":"40","name":"ночной-крем---mn","title":"Ночной крем - MN","description":"Крем","fullDescription":"","price":"3920","oldPrice":"","quantity":1,"currency":"RUB","sku":"","outOfStock":false,"isFeatured":false,"categories":["6"],"variations":[],"variationValues":{},"images":[{"url":"https://assets.nicepagecdn.com/56c13363/6536933/images/jpg.jpeg"}],"created":1752095615914,"updated":1752159672668,"isDefault":false},{"id":"39","name":"браслет-neo-black","title":"БРАСЛЕТ NEO BLACK","description":"PN ТИТАНОВЫЙ БРАСЛЕТ PENTACTIVE NEO BLACK","fullDescription":"","price":"10400","oldPrice":"","quantity":1,"currency":"RUB","sku":"","outOfStock":false,"isFeatured":false,"categories":["5"],"variations":[],"variationValues":{},"images":[{"url":"https://assets.nicepagecdn.com/56c13363/6536933/images/PENTACTIVE_NEO_BLACK_LOCK..jpg"}],"created":1752095527390,"updated":1752159513954,"isDefault":false},{"id":"38","name":"браслет-neo-gold","title":"БРАСЛЕТ NEO GOLD","description":"PN ТИТАНОВЫЙ БРАСЛЕТ PENTACTIVE NEO GOLD LOCK","fullDescription":"","price":"10400","oldPrice":"","quantity":1,"currency":"RUB","sku":"","outOfStock":false,"isFeatured":false,"categories":["5"],"variations":[],"variationValues":{},"images":[{"url":"https://assets.nicepagecdn.com/56c13363/6536933/images/PENTACTIVE_NEO_GOLD_LOCK.jpg"}],"created":1752095499044,"updated":1752155387393,"isDefault":false},{"id":"37","name":"браслет-silver","title":"БРАСЛЕТ SILVER","description":"PN ТИТАНОВЫЙ БРАСЛЕТ NEO SILVER LOCK","fullDescription":"","price":"10400","oldPrice":"","quantity":1,"currency":"RUB","sku":"","outOfStock":false,"isFeatured":false,"categories":["5"],"variations":[],"variationValues":{},"images":[{"url":"https://assets.nicepagecdn.com/56c13363/6536933/images/PENTACTIVE_NEO_SILVER_LOCK.jpg"}],"created":1752095464638,"updated":1752159527432,"isDefault":false},{"id":"36","name":"браслет-black","title":"Браслет BLACK","description":"ТИТАНОВЫЙ БРАСЛЕТ NEO BLACK MATTE","fullDescription":"","price":"12300","oldPrice":"","quantity":1,"currency":"RUB","sku":"","outOfStock":false,"isFeatured":false,"categories":["5"],"variations":[],"variationValues":{},"images":[{"url":"https://assets.nicepagecdn.com/56c13363/6536933/images/PENTACTIVE_NEO_BLACK_MATTE.jpg"}],"created":1752095398541,"updated":1752159488799,"isDefault":false},{"id":"35","name":"vip-рофэс","title":"VIP-Рофэс","description":"Тест здоровья","fullDescription":"","price":"18000","oldPrice":"","quantity":1,"currency":"RUB","sku":"","outOfStock":false,"isFeatured":false,"categories":["5"],"variations":[],"variationValues":{},"images":[{"url":"https://assets.nicepagecdn.com/56c13363/6536933/images/VIP-Rofes.jpg"}],"created":1752095377347,"updated":1752159623413,"isDefault":false},{"id":"34","name":"пентактив-мужской","title":"ПентАктив мужской","description":"Стильно, красиво и полезно","fullDescription":"","price":"12300","oldPrice":"","quantity":1,"currency":"RUB","sku":"","outOfStock":false,"isFeatured":false,"categories":["5"],"variations":[],"variationValues":{},"images":[{"url":"https://assets.nicepagecdn.com/56c13363/6536933/images/pentactivman.jpg"}],"created":1752095359263,"updated":1752159636233,"isDefault":false},{"id":"33","name":"пентактив-женский","title":"ПентАктив женский","description":"Cтильно, красиво и полезно","fullDescription":"","price":"10400","oldPrice":"","quantity":1,"currency":"RUB","sku":"","outOfStock":false,"isFeatured":false,"categories":["5"],"variations":[],"variationValues":{},"images":[{"url":"https://assets.nicepagecdn.com/56c13363/6536933/images/pentactivwoman.jpg"}],"created":1752095340443,"updated":1752159638408,"isDefault":false},{"id":"32","name":"enт","title":"ENТ","description":"ENТ КОМПЛЕКСНАЯ ЗАЩИТА СУСТАВОВ","fullDescription":"","price":"4100","oldPrice":"","quantity":1,"currency":"RUB","sku":"","outOfStock":false,"isFeatured":false,"categories":["4"],"variations":[],"variationValues":{},"images":[{"url":"https://assets.nicepagecdn.com/56c13363/6536933/images/ProjectV-EN.jpg"}],"created":1752095252448,"updated":1752160084071,"isDefault":false},{"id":"31","name":"os","title":"OS","description":"OS КРЕПКИЕ КОСТИ","fullDescription":"","price":"4100","oldPrice":"","quantity":1,"currency":"RUB","sku":"","outOfStock":false,"isFeatured":false,"categories":["4"],"variations":[],"variationValues":{},"images":[{"url":"https://assets.nicepagecdn.com/56c13363/6536933/images/ProjectV-OS.jpg"}],"created":1752095235508,"updated":1752160078008,"isDefault":false},{"id":"30","name":"остеосанум","title":"Остеосанум","description":"Ваша защита от остеопороза","fullDescription":"","price":"2626","oldPrice":"","quantity":1,"currency":"RUB","sku":"","outOfStock":false,"isFeatured":false,"categories":["4"],"variations":[],"variationValues":{},"images":[{"url":"https://assets.nicepagecdn.com/56c13363/6536933/images/osteosanum.jpg"}],"created":1752095216721,"updated":1752160089871,"isDefault":false},{"id":"29","name":"энджой-nt","title":"Энджой NT","description":"Свободу движению!","fullDescription":"","price":"3550","oldPrice":"","quantity":1,"currency":"RUB","sku":"","outOfStock":false,"isFeatured":false,"categories":["4"],"variations":[],"variationValues":{},"images":[{"url":"https://assets.nicepagecdn.com/56c13363/6536933/images/enjoynt.jpg"}],"created":1752095192611,"updated":1752160095880,"isDefault":false},{"id":"28","name":"харпаго-гель","title":"Харпаго-гель","description":"Свободу движению!","fullDescription":"","price":"2770","oldPrice":"","quantity":1,"currency":"RUB","sku":"","outOfStock":false,"isFeatured":false,"categories":["4"],"variations":[],"variationValues":{},"images":[{"url":"https://assets.nicepagecdn.com/56c13363/6536933/images/enjoynt-harpago-gel.jpg"}],"created":1752095170771,"updated":1752160102313,"isDefault":false},{"id":"27","name":"гель-лэг-рефреш","title":"Гель Лэг Рефреш","description":"Комфорт и свежесть","fullDescription":"","price":"1250","oldPrice":"","quantity":1,"currency":"RUB","sku":"","outOfStock":false,"isFeatured":false,"categories":["4"],"variations":[],"variationValues":{},"images":[{"url":"https://assets.nicepagecdn.com/56c13363/6536933/images/Roll-ongelLegRefresh.jpg"}],"created":1752095147610,"updated":1752160112794,"isDefault":false},{"id":"26","name":"гель-боди-ривайв","title":"Гель Боди Ривайв","description":"Комфорт и легкость","fullDescription":"","price":"1250","oldPrice":"","quantity":1,"currency":"RUB","sku":"","outOfStock":false,"isFeatured":false,"categories":["4"],"variations":[],"variationValues":{},"images":[{"url":"https://assets.nicepagecdn.com/56c13363/6536933/images/Roll-ongelBodyRevive.jpg"}],"created":1752095132102,"updated":1752160118350,"isDefault":false},{"id":"25","name":"mds","title":"MDS","description":"ЗРЕЛАЯ КРАСОТА","fullDescription":"","price":"5400","oldPrice":"","quantity":1,"currency":"RUB","sku":"","outOfStock":false,"isFeatured":false,"categories":["3"],"variations":[],"variationValues":{},"images":[{"url":"https://assets.nicepagecdn.com/56c13363/6536933/images/MDS.png"}],"created":1752094495732,"updated":1752094553196,"isDefault":false},{"id":"24","name":"vs","title":"VS","description":"ЗДОРОВЫЕ ВЕНЫ","fullDescription":"","price":"5400","oldPrice":"","quantity":1,"currency":"RUB","sku":"","outOfStock":false,"isFeatured":false,"categories":["3"],"variations":[],"variationValues":{},"images":[{"url":"https://assets.nicepagecdn.com/56c13363/6536933/images/VS.png"}],"created":1752094476451,"updated":1752094548620,"isDefault":false},{"id":"23","name":"gq10","title":"GQ10","description":"Комплекс-активатор природной энергии.","fullDescription":"Состав Гранатина GQ10 ( ProjectV Vision Визион Вижен) - в капсулах есть все, что нужно для здоровья.                      <br/>                           Создан и произведен во ФРАНЦИИ.<br/><br/>√- Самое ценное - 10 мг КОЭНЗИМА Q10. Это вещество важно для сохранения молодости, повышает возрастную жизнеспособность человека. <br/> √- КОЭНЗИМ влияет на скелетные мышцы, сердечно-сосудистую систему, нейропроцессы, старение кожи и др.факторы.<br/><br/>√- GQ10 (Гранатин) улучшает тургор кожи и КОЭНЗИМ Q10 имеет к этому прямое отношение.<br/><br/><br/><br/>√- Бад ProjectV Vision Вижен GQ10 ( Гранатин) -способствует здоровой кровеносной системы, помогает нормализовать кроветворение ;<br/><br/>√- Бад ProjectV Vision Визион GQ10 -нормализует уровень холестирина и концентрацию гемоглобина в крови;<br/><br/>√- Бад Projectv Vision Визион GQ10 ( Гранатин) -укрепляет сердце и сосуды, обеспечивает профилактику сердечно-сосудистых заболеваий;<br/><br/>√- Бад ProjectV Vision GQ10 ( Гранатин) -соединил в себе энергию и силу КОЭНЗИМА , уникальных растительных активов, витаминов и аниоксидантов- ускоряет обновление и регенерацию клеток , помогает замедлить процессы старения, отсрочить возрастные изменения.<br/><br/>√- Бад  GQ10 ( Гранатин) Projectv Vision Вижен - включены экстракт плодов граната, эфирное масло ветвей кипариса, витамин С , экстракт винограда, витамин Е, витамины группы В (В6, В9, В12) , в одной капсуле -10 мг коэнзима Q10;<br/><br/>√- КОЭНЗИМ Q10- это вещество важно для сохранения молодости, стимулирует выработки коллагена ;<br/><br/>√- Бад -GQ10 ProjectV Визион улучшает тургор кожи, воздействует на самые глубокие слои дермы,<br/><br/>√- Бад ProjectV Vision GQ10 ( Гранатин) обладает противовоспалительным действием , ускоряет вывода токсинов;<br/><br/>√- Бад ProjectV Vision GQ10- Устраняет застой венозной крови, • укрепляет  стенки кровеносных сосудов<br/><br/>√- Бад Гранатин GQ10 ProjectV Vision Вижен  убирает воспаления  мышечных спазмов;<br/><br/>√- Бад Гранатин GQ10 ProjectV Vision Вижен - это синтез коллагена для молодости костей, хрящей, кожи, ногтей и волос<br/><br/>В одной капсуле содержится:<br/>Витамин C       120 mg<br/>Эфирное масло кипариса      120 mg<br/>Экстракт виноградной выжимки      100 mg<br/>Экстракт плодов граната      40 mg<br/>Витамин E     12 mg<br/>Коэнзим Q10    10 mg<br/>Витамин B6    2 mg<br/>Витамин B9    400 μg<br/>Витамин B12    2.5 μg","price":"5400","oldPrice":"","quantity":1,"currency":"RUB","sku":"","outOfStock":false,"isFeatured":false,"categories":["3"],"variations":[],"variationValues":{},"images":[{"url":"https://assets.nicepagecdn.com/56c13363/6536933/images/GQ10.png"}],"created":1752094454034,"updated":1752094856644,"isDefault":false},{"id":"22","name":"lv","title":"LV","description":"LV CИЯНИЕ МОЛОДОСТИ","fullDescription":"","price":"11500","oldPrice":"","quantity":1,"currency":"RUB","sku":"","outOfStock":false,"isFeatured":false,"categories":["3"],"variations":[],"variationValues":{},"images":[{"url":"https://assets.nicepagecdn.com/56c13363/6536933/images/ProjectV-LV.jpg"}],"created":1752094436600,"updated":1752094564920,"isDefault":false},{"id":"21","name":"веностронг","title":"ВеноСтронг","description":"Весь мир у Ваших ног!","fullDescription":"","price":"0","oldPrice":"","quantity":1,"currency":"RUB","sku":"","outOfStock":false,"isFeatured":false,"categories":["3"],"variations":[],"variationValues":{},"images":[{"url":"https://assets.nicepagecdn.com/56c13363/6536933/images/venostrong.jpg"}],"created":1752094416086,"updated":1752094572108,"isDefault":false},{"id":"20","name":"нэйче-тан","title":"Нэйче Тан","description":"Усиление безопасного загара","fullDescription":"","price":"0","oldPrice":"","quantity":1,"currency":"RUB","sku":"","outOfStock":false,"isFeatured":false,"categories":["3"],"variations":[],"variationValues":{},"images":[{"url":"https://assets.nicepagecdn.com/56c13363/6536933/images/nature-tan.jpg"}],"created":1752094370993,"updated":1752094578390,"isDefault":false},{"id":"19","name":"npm","title":"NPM","description":"Сила мужской природы","fullDescription":"","price":"5400","oldPrice":"","quantity":1,"currency":"RUB","sku":"","outOfStock":false,"isFeatured":false,"categories":["3"],"variations":[],"variationValues":{},"images":[{"url":"https://assets.nicepagecdn.com/56c13363/6536933/images/NPM.png"}],"created":1752094355098,"updated":1752094587950,"isDefault":false},{"id":"18","name":"s2c","title":"S2C","description":"Комплексная защита здоровья глаз.","fullDescription":"","price":"5400","oldPrice":"","quantity":1,"currency":"RUB","sku":"","outOfStock":false,"isFeatured":false,"categories":["3"],"variations":[],"variationValues":{},"images":[{"url":"https://assets.nicepagecdn.com/56c13363/6536933/images/S2C.jpg"}],"created":1752094332018,"updated":1752094593292,"isDefault":false},{"id":"17","name":"jnb","title":"JNB","description":"Королевский рост Королевская осанка","fullDescription":"","price":"3800","oldPrice":"","quantity":1,"currency":"RUB","sku":"","outOfStock":false,"isFeatured":false,"categories":["2"],"variations":[],"variationValues":{},"images":[{"url":"https://assets.nicepagecdn.com/56c13363/6536933/images/JNB.png"}],"created":1752094164495,"updated":1752094192658,"isDefault":false},{"id":"16","name":"юниор-би-биг","title":"Юниор Би Биг","description":"Будь большим","fullDescription":"","price":"2800","oldPrice":"","quantity":1,"currency":"RUB","sku":"","outOfStock":false,"isFeatured":false,"categories":["2"],"variations":[],"variationValues":{},"images":[{"url":"https://assets.nicepagecdn.com/56c13363/6536933/images/be-big.jpg"}],"created":1752094133505,"updated":1752094603520,"isDefault":false},{"id":"15","name":"юниор-би-стронг","title":"Юниор Би Стронг","description":"Будь сильным","fullDescription":"","price":"3437","oldPrice":"","quantity":1,"currency":"RUB","sku":"","outOfStock":false,"isFeatured":false,"categories":["2"],"variations":[],"variationValues":{},"images":[{"url":"https://assets.nicepagecdn.com/56c13363/6536933/images/be-strong.jpg"}],"created":1752094083511,"updated":1752094185047,"isDefault":false},{"id":"14","name":"юниор-би-вайс","title":"Юниор Би Вайс","description":"Будь умным","fullDescription":"","price":"2800","oldPrice":"","quantity":1,"currency":"RUB","sku":"","outOfStock":false,"isFeatured":false,"categories":["2"],"variations":[],"variationValues":{},"images":[{"url":"https://assets.nicepagecdn.com/56c13363/6536933/images/be-wise.jpg"}],"created":1752093966096,"updated":1752094612498,"isDefault":false},{"id":"13","name":"g---генератор","title":"G - генератор","description":"ГЕНЕРАТОР ЗДОРОВЬЯ","fullDescription":"G- Project V Vision Вижен - для сердечно-сосудистой системы<br/><br/>G- Project V Vision Вижен- Нормализует АД и эластичность сосудов.<br/><br/>G- Project V Vision Вижен для ЖКТ и ПЕЧЕНИ. Ускоряет метаболизм и расщепление жиров. Стимулирует синтез аминокислот и белков. Активизирует циркуляцию крови  в печени. Насыщает кровь кислородом, улучшает кровоток<br/><br/><br/>G- Project V Vision Вижен для КОЖИ и ВОЛОС. Очищает кожу от угрей, сыпи, экзем и покраснений.Насыщает питательными веществами и придаёт эластичность<br/>Предотвращает истончение и выпадение волос.<br/><br/>G- Project V Vision Вижен- в каждой капсуле- 825 мг-суточная дозировка,сбалансированный объём уникальных  сапонинов, органического ГЕРМАНИЯ и других важнейших биологически активных веществ, минералов, аминокислот для нормализации всех функций организм<br/><br/><br/>G- ProjectV Vision Вижен- для мозга и нервной системы .Стимулирует когнитивные функции и нейропитание.Снижает напряжение от психических нагрузок. Улучшает сон, концентрацию внимания, память...<br/><br/> <br/><br/>G — это первозданная энергия природы, сконцентрированная в одной капсуле белого императорского женьшеня. 6 лет кропотливого выращивания и ухода за растениями, и только 1 из 20 корней, выживших в суровых условиях гор, отбирается для производства криогенного порошка G.<br/><br/>Сохраняя натуральную силу женьшеня и опираясь на наш экспертный опыт, мы создали продукт эталонного качества, способный запустить процессы восстановления баланса и оздоровления вашего организма.<br/><br/>В суточной дозировке G (825 мг) содержится сбалансированный объем уникальных сапонинов групп протопанаксодиола, протопанаксатриола и олеанан, органического германия и других важнейших биологически активных веществ, минералов и аминокислот, необходимых для нормализации всех функций и систем организма.","price":"13000","oldPrice":"","quantity":1,"currency":"RUB","sku":"","outOfStock":false,"isFeatured":false,"categories":["1"],"variations":[],"variationValues":{},"images":[{"url":"https://assets.nicepagecdn.com/56c13363/6536933/images/G1.png"}],"created":1752093509709,"updated":1752094621749,"isDefault":false},{"id":"12","name":"mgr---магия-магния","title":"MGR - магия магния","description":"","fullDescription":"MGR - магия магния ProjectV Vision Визион Вижен -антистрессовый комплекс. Для памяти, сердца , нервной системы.Регулирует уровень серотонина. Регулирует кровяное давление. Купить в Ростове, Ростовской области, Донецке, Краснодаре, Москве.<br/><br/>   - Бад, витамины MGR - магия магния ProjectV Vision Визион Вижен- Рекомендуется у кого быстрая утомляемость<br/><br/>-Бад, витамины MGR - магия магния ProjectV Vision Визион Вижен- рекомендуется у кого бессоница, раздражительность.<br/><br/>-Бад, витамины MGR - магия магния ProjectV Vision Визион Вижен- рекомендуется у кого часто возникает тошнота, склонность к запорам.<br/><br/>-Бад, витамины MGR - магия магния ProjectV Vision Визион Вижен- рекомендуется у кого быстрая утомляемость, повышенное артериальное давление, частое сердцебиение.<br/><br/>Антистрессовый комплекс растительных антидепрессантов, магния и активных форм витаминов для ежедневного достижения покоя и хорошего настроения.<br/><br/>• Восстанавливает эмоциональное равновесие<br/><br/>• Укрепляет нервную систему<br/><br/>• Расслабляет мышцы<br/><br/>• Регулирует уровень серотонина<br/><br/>• Снимает нервное возбуждение и блокирует тревогу<br/><br/>Магний в двух биодоступных формах положительно влияет на биохимию мышечного расслабления и помогает снять умственное и физическое напряжение. Формула MGR, обогащенная порошком зверобоя, экстрактами шандры и боярышника, мягко регулирует эмоциональный баланс и помогает поддерживать здоровую нервную систему, позитивный настрой и самоконтроль даже в стрессовых ситуациях.","price":"3300","oldPrice":"","quantity":1,"currency":"RUB","sku":"","outOfStock":false,"isFeatured":false,"categories":["1"],"variations":[],"variationValues":{},"images":[{"url":"https://assets.nicepagecdn.com/56c13363/6536933/images/mgr1.png"}],"created":1752093456337,"updated":1752094644909,"isDefault":false},{"id":"11","name":"s---пищеварения","title":"S - пищеварения","description":"","fullDescription":" -Бад Project V- S- Визион Вижн Vision -\"Сеньор\"  содержит оптимальный набор витаминов и минеральных веществ, что особенно важно в состав входят полезные бифидобактерии, необходимые для синтеза и полноценного усвоения витаминов, кальция и аминокислот. Прекрасная помощь  и поддержка   иммунитету.<br/><br/>         -Бад \"S\"Сеньор\" Вижен  рекомендуется тем, кому назначена антибиотикотерапия, для тех кто часто принимает лекарственные препараты, бад снижает риск возникновения дисбактериоза, у кого ослаблен иммунитет.<br/><br/>          -Бад\"S \" Сеньор\"  Визион способствует антивозрастной защите организма, поддерживает здоровое состояние нервной и репродуктивной систем, процессов умственной деятельности  и процессов кроветворения.<br/><br/>          -Бад\"S \" Сеньор\" ProjectV Vision -прекрасно поддерживает равновесие кишечной микрофлоры , жизненно необходим тем у кого проблемы с кишечником, повышает сопротивляемость организма к инфекционным заболеваниям,  как острые кишечные инфекции<br/><br/>          -Бад\"S \"Сеньор\" ProjectV Визион  -необходим в период подготовки к операции и после перенесенных оперативных вмешательств, для функциональной активности микрофлоры кишечника, восстанавливает иммунитет кишечника.<br/><br/>          - Бад \"S\"Сеньор\" рекомендуется для снижения риска возникновения сердечно-сосудистых заболеваний ( атеросклероз, ишемическая болезнь сердца, гипертоническая болезнь и др.), повышенная сосудистая проницаемость<br/><br/>         - Бад \"S \"Сеньор\" ProjectV Визион необходим при    заболеваниях органов дыхания ( бронхит, пневмония, плеврит и др.) и  при всех инфекционных заболеваниях <br/><br/>          - Бады \"S\"Сеньор\" ProjectV  Визион Вижен Вижн Vision -прекрасная помощь для органов пищеварения ( гастрит, язвенная болезнь желудка и 12-перстной кишки , дисбактериоз, вызванный длительной антибактериальной , гормональной, лучевой и другими видами терапии, колит и энтероколит и др.)<br/><br/>           -Бад \"S\"Сеньор\" ProjectV Визион Вижен  рекомендуется  при аллергических заболеваниях и заболеваний суставов ( артрит, бурсит и др.)<br/><br/>         - Бад\"S \"Сеньор\" ProjectV рекомендуется при нервных и психических расстройств ( невралгия, депрессия, переутомление, бессоница и др.) , а также при всех кожных заболеваниях ( дерматит, нейродермит, диатез и др.) <br/><br/>Комплекс живых бифидо- и лактобактерий и натурального пребиотика для нормальной работы кишечника.<br/><br/>Помогает улучшить состояние и объем полезной микрофлоры кишечника<br/>Активизирует работу пищеварительной системы<br/>Улучшает адаптацию организма к изменениям окружающей среды<br/>Снижает риск развития патогенных микроорганизмов и новых заболеваний<br/>Усиливает защиту от токсинов, попадающих из пищи и окружающей среды<br/>Уникальный продукт S — это суперкомбинация пре- и пробиотиков в одной капсуле, которая содержит 40 мг лактобактерий рамнозус GG + 40 мг смеси эффективных молочнокислых бактерий, а также натуральные фруктоолигосахариды в качестве пребиотика — 300 мг вкусной пищи для активного роста полезных бактерий.<br/>При ежедневном приеме комплекс помогает защитить ЖКТ от колонизации патогенной микробиотой и нормализовать полезную кишечную микрофлору, тем самым усиливая иммунитет и предупреждая развитие многих заболеваний.<br/><br/>Состав:<br/>В одной капсуле содержится:<br/>ФОС (фруктоолигосахариды)300 мг<br/>где активных ФОС270 мг<br/>Лактобактерии рамнозус GG<br/>(включая передозировку)40 мг<br/>где активных лактобактерий рамнозус GG25 мг<br/>Смесь молочнокислых бактерий40 мг<br/>где активных бактерий (итого)25 мг<br/>Рекомендации:<br/>Рекомендуется в качестве биологически активной добавки к пище – дополнительного источника пробиотических микроорганизмов (бифидобактерий и лактобактерий), молочнокислых микроорганизмов, фруктоолигосахаридов.<br/>Форма выпуска:<br/>30 капсул.<br/>Дозировка:<br/>Взрослым по 1 капсуле 1 раза в день во время еды, запивая водой.<br/>Противопоказания:<br/>Индивидуальная непереносимость компонентов, беременность, кормление грудью. Перед применением рекомендуется проконсультироваться с врачом.<br/>Хранение:<br/>Хранить в сухом, защищенном от света и недоступном для детей месте при температуре не выше 20°С. Для лучшей сохранности продукта рекомендуется держать в холодильнике.","price":"3300","oldPrice":"","quantity":1,"currency":"RUB","sku":"","outOfStock":false,"isFeatured":false,"categories":["1"],"variations":[],"variationValues":{},"images":[{"url":"https://assets.nicepagecdn.com/56c13363/6536933/images/_Project_V_-_S1.jpg"}],"created":1752093356794,"updated":1752093589420,"isDefault":false},{"id":"10","name":"юниор-би-смарт","title":"Юниор Би Смарт","description":"Высокий IQ","fullDescription":"","price":"2800","oldPrice":"","quantity":1,"currency":"RUB","sku":"","outOfStock":false,"isFeatured":false,"categories":["2"],"variations":[],"variationValues":{},"images":[{"url":"https://assets.nicepagecdn.com/56c13363/6536933/images/be-smart.jpg"}],"created":1751638645834,"updated":1752093528409,"isDefault":false},{"id":"9","name":"jn---детям","title":"JN - детям","description":"   ","fullDescription":"","price":"0","oldPrice":"","quantity":1,"currency":"RUB","sku":"","outOfStock":false,"isFeatured":false,"categories":["2"],"variations":[],"variationValues":{},"images":[{"url":"https://assets.nicepagecdn.com/56c13363/6536933/images/ProjectV-JN.jpg"}],"created":1751638628842,"updated":1752093534304,"isDefault":false},{"id":"8","name":"юниор-би-хелси","title":"Юниор Би Хелси","description":"Природная защита организма","fullDescription":"","price":"2800","oldPrice":"","quantity":1,"currency":"RUB","sku":"","outOfStock":false,"isFeatured":false,"categories":["2"],"variations":[],"variationValues":{},"images":[{"url":"https://assets.nicepagecdn.com/56c13363/6536933/images/be-healthy-box.jpg"}],"created":1751638576183,"updated":1752093247519,"isDefault":false},{"id":"7","name":"m---сердце","title":"M - сердце","description":"","fullDescription":"     Бад \"M\" сердце  (мега) ProjectV Vision Визион Вижен  улучшенной  формулой. Франция. <br/>    Оболочка растительного происхождения,  обеспечила более быстрое усвоение составляющих БАД M (мега ) ProjectV<br/>     -Бад \"M\" (мега) ProjectV -это полиненасыщенные жирные кислоты.  Мощная помощь для иммунитета . <br/>     - Бад \"M\" (мега)ProjectV  рекомендуется при острых вирусных инфекциях,  при головных болях, сердечных болях, суставных. <br/>  -  Бад \"M\" (мега) ProjectV -замедляет процесс старения , нормализует работу сердца, сосудов мозга и кожи.<br/><br/>     -Бад \"M\" (мега)ProjectV - оказывает помощь в поддержке нормального уровня холестерина, обеспечивает здоровье сердца и кровеносных сосудов, повышая их эластичность и прочность.<br/>    - Бад \" M\" (мега) ProjectV компании Вижен Вижен Визион Vision оказывает поддержку клеткам головного мозга, способствует нормальному функционированию нервной системы.<br/>     - Бад \"M\" (мега) ProjectV улучшает структуру клеток и создает защитную оболочку , сохраняя целостность клеток <br/>     -Бад \" M\" (мега) ProjectV необходим  для иммунитета.<br/>    - Бад \"M\" (мега) -уменьшает воспалительные и аллергические процессы в организме. Рекомендуется  для суставов с различными видами функциональных нарушений","price":"3300","oldPrice":"","quantity":1,"currency":"RUB","sku":"","outOfStock":false,"isFeatured":false,"categories":["1"],"variations":[],"variationValues":{},"images":[{"url":"https://assets.nicepagecdn.com/56c13363/6536933/images/ProjectV-4343.jpg"}],"created":1751638417159,"updated":1752093194041,"isDefault":false},{"id":"6","name":"a---антиоксидант","title":"A - антиоксидант","description":"Sample text. Lorem ipsum dolor sit amet, consectetur adipiscing elit nullam nunc justo sagittis suscipit.","fullDescription":"Пример текста. Lorem ipsum dolor sit amet, consectetur adipiscing elit, sed do eiusmod tempor incididunt ut Labore et dolore magna aliqua. Ut enim ad minim veniam, quis nostrum exercitation ullamco Laboris ni si ut aliquip ex ea commodo consequat.","price":"3300","oldPrice":"","quantity":1,"currency":"RUB","sku":"","outOfStock":false,"isFeatured":false,"categories":["1"],"images":[{"url":"https://assets.nicepagecdn.com/56c13363/6536933/images/ProjectV-A.jpg"}],"created":1751203639360,"updated":1752093562501,"isDefault":true,"variationValues":{}},{"id":"4","name":"ch---энергия","title":"CH - энергия","description":"","fullDescription":"1) Бад Визион Вижен Вижн Vision \"CH\" (Хромвитал) ProjectV , бад улучшенной формулой. Франция. <br/><br/>   Оболочка растительного происхождения,  обеспечила более быстрое усвоение составляющих БАД CH (хромвитал) ) ProjectV.   <br/><br/>Для тех кто испытывает \"синдром хронической усталости\". Мощный \"чистильщик \" крови. <br/><br/> 2) Бад ProjectV \"CH\"(хромвитал)  Визион Вижен Вижн Vision для тех, кто занимается спортом, кто хочет поднять и восстановить физическую активность.<br/><br/>  3)Бад  для улучшения сердечно-сосудистой системы, мочеполовой, эндокринной, нервной, иммунной, пищеварительной  систем<br/><br/>4) Бады Визион Вижен Вижн Vision ProjectV \"CH\"рекомендуются после перенесенных оперативных вмешательств, инфекционных заболеваний<br/><br/> 5) Бад \"CH\" ( хромвитал) для тех кто много работает за компьютером<br/><br/>6) Бад рекомендуется при сексуальной слабости.<br/><br/>7) Бад для снижения риска возникновения : импотенции, сердечно-сосудистых заболеваний, эндокринной, для центральной нервной системы.<br/><br/>8) Бад \"CH\" (хромвитал) ProjectV-для защитных свойств иммунитета. <br/> <br/> 9) Бад \"CH\" (хромвитал) - для щитовидной железы.","price":"3300","oldPrice":"","quantity":1,"currency":"RUB","sku":"","outOfStock":false,"isFeatured":false,"categories":["1"],"images":[{"url":"https://assets.nicepagecdn.com/56c13363/6536933/images/ProjectV-CH.jpg"}],"created":1751203639360,"updated":1752093709419,"isDefault":true,"variationValues":{}},{"id":"2","name":"d---детоксикация","title":"D - детоксикация","description":"Sample text. Lorem ipsum dolor sit amet, consectetur adipiscing elit nullam nunc justo sagittis suscipit.","fullDescription":"Пример текста. Lorem ipsum dolor sit amet, consectetur adipiscing elit, sed do eiusmod tempor incididunt ut Labore et dolore magna aliqua. Ut enim ad minim veniam, quis nostrum exercitation ullamco Laboris ni si ut aliquip ex ea commodo consequat.","price":"3300","oldPrice":"","quantity":1,"currency":"RUB","sku":"","outOfStock":false,"isFeatured":false,"categories":["1"],"images":[{"url":"https://assets.nicepagecdn.com/56c13363/6536933/images/ProjectV-D.jpg"}],"created":1751203639360,"updated":1752093574460,"isDefault":true,"variationValues":{}},{"id":"5","name":"n---нутриенты","title":"N - нутриенты","description":"Sample text. Lorem ipsum dolor sit amet, consectetur adipiscing elit nullam nunc justo sagittis suscipit.","fullDescription":"Пример текста. Lorem ipsum dolor sit amet, consectetur adipiscing elit, sed do eiusmod tempor incididunt ut Labore et dolore magna aliqua. Ut enim ad minim veniam, quis nostrum exercitation ullamco Laboris ni si ut aliquip ex ea commodo consequat.","price":"3300","oldPrice":"3300","quantity":1,"currency":"RUB","sku":"","outOfStock":false,"isFeatured":false,"categories":["1"],"images":[{"url":"https://assets.nicepagecdn.com/56c13363/6536933/images/ProjectV-N.jpg"}],"created":1751203639360,"updated":1752093579316,"isDefault":true,"variationValues":{}},{"id":"1","name":"p---спокойствие","title":"P - спокойствие","description":"Sample text. Lorem ipsum dolor sit amet, consectetur adipiscing elit nullam nunc justo sagittis suscipit.","fullDescription":"Пример текста. Lorem ipsum dolor sit amet, consectetur adipiscing elit, sed do eiusmod tempor incididunt ut Labore et dolore magna aliqua. Ut enim ad minim veniam, quis nostrum exercitation ullamco Laboris ni si ut aliquip ex ea commodo consequat.","price":"3300","oldPrice":"","quantity":1,"currency":"RUB","sku":"","outOfStock":false,"isFeatured":false,"categories":["1"],"images":[{"url":"https://assets.nicepagecdn.com/56c13363/6536933/images/ProjectV-P.jpg"}],"created":1751203639360,"updated":1752093582019,"isDefault":true,"variationValues":{}},{"id":"3","name":"sv---стройность","title":"SV - стройность","description":"","fullDescription":"Кому рекомендуется купить  натуральный бад улучшенной формулой , производитель Франция ProjectV \"SV\" (Свелтформ)<br/>   Где Оболочка растительного происхождения, обеспечила более быстрое усвоение составляющих БАД SV (свелтформ ) ProjectV<br/><br/>        1) В бад \"SV\"(Свелтформ) ProjectV входит  гарциния камбоджийская  ( уменьшает образование в организме жирных кислот и холестерина ,регулирует аппетит) применяется  при ожирении,при сахарном диабете, особенно  инсулиннезависимым,  регулирует функции щитовидной железы.<br/><br/>          2) Бад ProjectV Вижен Визион Вижн Vision \"SV\" -рекомендуется для профилактики и снижения риска сердечно-сосудистых заболеваниях ( атеросклероза,  ишемической болезни сердца, гипертоническая болезнь, особенно на фоне избыточной массы тела. Снижает уровень  ХОЛЕСТЕРИНА В КРОВИ.)<br/><br/>     3) Бад компании ProjectV Вижен Vision Project V  \" SV\"-  рекомендуется  для снижения хрупкости и проницаемости капилляров, особенно если уже есть нарушения сосудистой  проницаемости.<br/><br/>           4)  В состав  бада ProjectV \"SV\"(Свелтформ)-  входит фукус пузырчатый, (это бурая морская водоросль,которая богата  йодом и селеном, богата  витаминами А, В1, В2, С,  а также калием, медью, цинком, марганцем ,кальцием и др.) который обладает антиатеросклеротичными, противовоспалительными, противомикробными, ранозаживляющими  действиями на организм. <br/>  Жизненно необходим для легких, верхних дыхательных путей! <br/><br/>          5)  Бад Визион ProjectV \"SV\" работает  как иммуномодулирующее, антиоксидантное, гипогликемическое, гиполипидемическое. <br/><br/>     6)  Бад компании ProjectV Вижен Вижн Vision Project V- рекомендуется  при всех заболеваниях желудочно-кишечного  тракта ( запорах, геморрое,  при хроническом  панкреатите)","price":"3300","oldPrice":"","quantity":1,"currency":"RUB","sku":"","outOfStock":false,"isFeatured":false,"categories":["1"],"images":[{"url":"https://assets.nicepagecdn.com/56c13363/6536933/images/ProjectV-SV.jpg"}],"created":1751203639360,"updated":1752093584427,"isDefault":true,"variationValues":{}}],"categories":[{"id":"1","title":"Project V","categoryId":null,"created":1752093172536,"updated":1752093172536},{"id":"2","title":"Детям","categoryId":null,"created":1752093222660,"updated":1752093222660},{"id":"3","title":"Красота","categoryId":null,"created":1752094274692,"updated":1752094274692},{"id":"4","title":"Для суставов","categoryId":null,"created":1752095130665,"updated":1752095130665},{"id":"5","title":"Браслеты","categoryId":null,"created":1752095339182,"updated":1752095339182},{"id":"6","title":"Косметика Project V","categoryId":null,"created":1752095614954,"updated":1752095614954},{"id":"7","title":"Целевые","categoryId":null,"created":1752095808957,"updated":1752095808957}],"variations":[]}